['Point(140.5781487 39.3100292)']	117
['Point(130.6384926 32.5010333)']	102
['Point(138.5499996 35.6721125)']	93
['Point(138.6774781 35.1540954)']	88
['Point(131.427765 31.9437073)']	80
['Point(133.7597423 34.5165856)']	80
['Point(136.5916468 34.9816252)']	76
['Point(137.9435318 36.2348871)']	73
['Point(139.9717795 35.8439578)']	72
['Point(139.880097 35.953403)']	70
['Point(135.4910591 34.6227715)']	65
['Point(138.5683089 35.6620982)']	59
['Point(131.8609693 33.072166)']	59
['Point(133.6627923 34.1284249)']	54
['Point(130.6999328 33.0093764)']	53
['Point(130.9403851 33.3280901)']	52
['Point(140.0196592 40.2107604)']	52
['Point(129.9952934 32.3795734)']	48
['Point(133.3943468 34.4692547)']	47
['Point(139.3091998 35.334984)']	47
['Point(140.4634634 40.7818583)']	46
['Point(137.5316085 34.7184684)']	44
['Point(138.7129066 35.7037494)']	43
['Point(130.8163704 32.7914033)']	43
['Point(130.5590789 32.9314599)']	42
['Point(141.4711699 40.5322634)']	41
['Point(131.3010585 31.8391689)']	41
['Point(135.3451574 34.8093554)']	41
['Point(138.558107 35.6362127)']	39
['Point(139.9123927 35.7995549)']	38
['Point(141.4901961 40.5079413)']	38
['Point(131.6597893 33.1554109)']	38
['Point(130.7303117 33.74663)']	38
['Point(142.3294024 43.7940457)']	37
['Point(133.5500676 33.9810411)']	37
['Point(137.4479205 34.7252843)']	37
['Point(133.8362679 34.5899827)']	36
['Point(138.9955116 36.33801589999999)']	35
['Point(130.8487826 31.375051)']	35
['Point(130.8968264 33.9422417)']	35
['Point(131.3709131 31.9308271)']	35
['Point(132.5264409 33.6256272)']	35
['Point(140.1837585 35.6286945)']	32
['Point(128.8460344 32.6989579)']	31
['Point(130.5574211 31.5967656)']	31
['Point(130.5548872 31.5638531)']	31
['Point(130.1504313 33.1849969)']	31
['Point(141.1401285 39.1440371)']	31
['Point(140.5779348 35.7212275)']	30
['Point(140.6644489 35.8899991)']	30
['Point(130.6656533 32.6839422)']	30
['Point(133.2817621 33.9564235)']	30
['Point(131.6225041 32.4228811)']	30
['Point(140.1909326 36.0707298)']	29
['Point(133.9735102 34.605476)']	29
['Point(140.0175457 35.7935401)']	29
['Point(139.1777779 36.0184188)']	29
['Point(135.4523554 34.68306949999999)']	29
['Point(133.8265408 34.5995481)']	28
['Point(129.715007 33.3457306)']	28
['Point(133.0801232 33.9316927)']	27
['Point(133.5860325 33.9921791)']	27
['Point(135.1446307 34.2333169)']	26
['Point(136.7719591 35.457029)']	26
['Point(130.6308774 32.765727)']	26
['Point(136.6548337 35.0051925)']	26
['Point(130.1948336 32.4611967)']	25
['Point(135.5636216 34.4552291)']	25
['Point(140.7342926 36.7799923)']	25
['Point(132.7063887 33.7793348)']	25
['Point(142.3964685 43.7482619)']	24
['Point(140.1026808 39.703907).1']	24
['Point(139.0428727 36.3816035)']	24
['Point(130.0518805 32.512424)']	24
['Point(130.9266483 33.9894006)']	24
['Point(137.1753647 35.3573259)']	23
['Point(133.4605487 34.4942837)']	23
['Point(130.6895799 33.3492657)']	23
['Point(130.4461332 33.0301519)']	23
['Point(138.9580767 35.0121162)']	23
['Point(130.5247161 33.6259658)']	22
['Point(130.7141951 32.7262946)']	22
['Point(140.4494813 37.7669513)']	22
['Point(140.9984815 42.3223606)']	22
['Point(133.3294451 34.5548708)']	22
['Point(139.863122 36.48792)']	22
['Point(133.7708994 34.4767912)']	21
['Point(139.0960211 36.4047323)']	21
['Point(135.5608747 34.7363332)']	21
['Point(135.5517687 34.5796757)']	21
['Point(139.4158599 36.0311435)']	21
['Point(136.8585363 34.7873666)']	21
['Point(136.6331651 34.96528190000001)']	21
['Point(140.0900293 35.5199404)']	21
['Point(129.691157 33.7505959)']	21
['Point(129.289686 34.2102138)']	21
['Point(142.3645743 43.7702998)']	21
['Point(134.3903396 34.7549367)']	21
['Point(141.6892571 42.6698527)']	20
['Point(135.1208072 34.6474071)']	20
['Point(139.3398327 35.6449805)']	20
['Point(129.9041873 33.2769087)']	20
['Point(130.8139589 33.3638379)']	20
['Point(136.938086 34.8946169)']	20
['Point(135.4805698 34.7279232)']	20
['Point(134.7973076 34.771899)']	20
['Point(134.295262 34.7863947)']	19
['Point(135.4235418 34.7126408)']	19
['Point(140.0977715 35.69410380000001)']	19
['Point(130.1934363 32.4585255)']	19
['Point(130.3992939 32.2152235)']	19
['Point(139.3210684 35.66185249999999)']	19
['Point(137.030104 35.4535332)']	19
['Point(137.3054004 36.7490583)']	19
['Point(130.4671466 33.2544504)']	18
['Point(134.9715895 34.6485439)']	18
['Point(131.5510242 33.1890619)']	18
['Point(134.8224735 34.8271403)']	18
['Point(130.7140311 32.8044066)']	18
['Point(131.0796778 31.76077)']	17
['Point(139.7962265 35.8959041)']	17
['Point(129.2857639 34.2426737)']	17
['Point(130.3748333 32.7890493)']	17
['Point(139.5990181 35.7377286)']	17
['Point(129.8501958 33.0730338)']	17
['Point(133.8528222 34.5880389)']	17
['Point(139.3576209 35.4452165)']	17
['Point(140.4262903 36.3927472)']	17
['Point(135.3997423 35.4725387)']	16
['Point(133.7570366 34.5800143)']	16
['Point(124.1871751 24.3404034)']	16
['Point(133.2804705 33.9321902)']	16
['Point(130.416551 33.157386)']	16
['Point(132.5769764 34.2548538)']	16
['Point(140.0533454 35.3229581)']	16
['Point(141.3331053 43.0820313)']	16
['Point(137.415512 34.7637775)']	16
['Point(139.6589513 35.568787)']	16
['Point(139.6459029 35.8616328)']	15
['Point(134.6414821 33.9635046)']	15
['Point(130.8073796 33.9015062)']	15
['Point(135.4321541 34.6312772)']	15
['Point(139.330271 37.95293119999999)']	15
['Point(136.8149927 35.0744635)']	15
['Point(137.0454931 35.4335822)']	15
['Point(136.0372508 34.1583727)']	15
['Point(129.9602671 32.91351240000001)']	15
['Point(130.540609 33.8046154)']	15
['Point(133.4120217 34.5119416)']	15
['Point(140.0822435 39.7615051)']	14
['Point(130.8293822 33.8952617)']	14
['Point(134.8433809 34.727075)']	14
['Point(133.0128471 35.475041)']	14
['Point(139.5197372 35.8033447)']	14
['Point(140.1310505 35.5726557)']	14
['Point(139.9602831 36.1842223)']	14
['Point(135.6321609 34.7374635)']	14
['Point(140.6229747 35.9644771)']	14
['Point(139.6738304 35.9070624)']	14
['Point(141.6430061 42.8395695)']	14
['Point(130.6949011 33.6133649)']	13
['Point(136.1929755 34.079752)']	13
['Point(141.7627117 40.1916885)']	13
['Point(135.4462755 35.1146087)']	13
['Point(139.6861921 35.8331499)']	13
['Point(138.1213004 36.5413588)']	13
['Point(130.5555506 33.396427)']	13
['Point(130.5076516 33.32085)']	13
['Point(140.0669084 35.6340173)']	13
['Point(130.3080848 33.2568013)']	13
['Point(139.0687318 35.0956064)']	13
['Point(140.1304672 39.6795727)']	13
['Point(136.9765267 35.2033163)']	12
['Point(136.8905668 35.0122987)']	12
['Point(131.061519 31.719543)']	12
['Point(140.4396435 40.5942053)']	12
['Point(140.0502546 35.4787704)']	12
['Point(133.8231236 34.6463042)']	12
['Point(141.2269035 45.1530013)']	12
['Point(139.6681689 36.0701176)']	12
['Point(130.8841776 32.8778981)']	12
['Point(137.5054376 36.9363581)']	12
['Point(130.9882162 34.003159)']	12
['Point(137.0791565 34.9691614)']	12
['Point(135.6280019 34.7662331)']	12
['Point(131.7190302 33.2480139)']	12
['Point(135.2254559 34.8900447)']	12
['Point(138.4712296 35.0492781)']	11
['Point(141.6559533 42.8240893)']	11
['Point(135.8303094 34.5948116)']	11
['Point(133.1917875 33.9177615)']	11
['Point(137.0194935 36.7590496)']	11
['Point(130.6956394 32.9038019)']	11
['Point(135.2734005 34.3659929)']	11
['Point(138.3958256 37.9887519)']	11
['Point(132.4717804 34.4546433)']	11
['Point(139.740135 35.6381278)']	11
['Point(139.378643 35.8322468)']	11
['Point(130.7033798 32.8165263)']	11
['Point(139.7555691 35.7331806)']	11
['Point(135.5973071 34.6680742)']	11
['Point(139.9920425 36.0342626)']	10
['Point(136.1440042 36.1903645)']	10
['Point(134.0620291 34.3458351)']	10
['Point(140.6002988 35.8466005)']	10
['Point(132.1015946 33.9638317)']	10
['Point(135.4010579 34.7842699)']	10
['Point(130.2020495 31.7590927)']	10
['Point(132.9441308 33.3907069)']	10
['Point(125.2876685 24.8032189)']	10
['Point(136.5528094 34.87787540000001)']	10
['Point(131.5627639 34.0517195)']	10
['Point(139.7266446 35.9148962)']	10
['Point(140.1153436 35.5103903)']	10
['Point(134.5430334 34.1183872)']	10
['Point(131.9528553 33.9627921)']	10
['Point(129.7311166 33.1592435)']	10
['Point(130.5175494 31.5211345)']	10
['Point(140.0495324 35.9110671)']	10
['Point(141.0219079 43.1816823)']	10
['Point(139.9765615 36.3096848)']	10
['Point(136.6419677 35.0087051)']	10
['Point(139.7679463 35.692767)']	10
['Point(136.9755257 35.1755997)']	10
['Point(129.846458 32.827976)']	10
['Point(130.9337317 34.1711271)']	10
['Point(139.6290312 35.9067102)']	9
['Point(136.6574838 35.4333158)']	9
['Point(139.5569825 36.1754206)']	9
['Point(130.3227599 31.4168733)']	9
['Point(139.7121998 36.0267856)']	9
['Point(135.4580715 34.5435805)']	9
['Point(136.2315365 36.031118)']	9
['Point(139.9239959 36.8062129)']	9
['Point(133.7401624 34.5278135)']	9
['Point(141.9498839 39.6442869)']	9
['Point(130.5930246 33.201191)']	9
['Point(129.6750369 32.9215763)']	9
['Point(132.7273863 33.8415709)']	9
['Point(132.7283802 33.8225127)']	9
['Point(132.3844182 34.3721045)']	9
['Point(130.02421 32.8426277)']	9
['Point(137.1882268 34.9467181)']	9
['Point(130.7535418 32.8482694)']	9
['Point(130.2113464 32.7321302)']	9
['Point(130.96973 33.9473094)']	9
['Point(139.9036941 38.8458511)']	9
['Point(139.9647304 35.7135174)']	9
['Point(130.2105074 33.5646022)']	9
['Point(130.7726649 33.6327558)']	9
['Point(138.8566554 35.1069864)']	9
['Point(141.170805 38.5504263)']	9
['Point(139.6494849 35.9727675)']	8
['Point(140.067069 35.6445893)']	8
['Point(140.5346664 36.3965854)']	8
['Point(140.3988015 38.4736)']	8
['Point(139.6646544 35.81905709999999)']	8
['Point(130.7627325 31.7358698)']	8
['Point(129.9682676 33.4500971)']	8
['Point(130.0946999 33.0968652)']	8
['Point(133.8171478 34.6075268)']	8
['Point(139.3886361 36.1473726)']	8
['Point(136.7511741 35.385969)']	8
['Point(139.7762232 35.7800681)']	8
['Point(139.0988043 36.0708172)']	8
['Point(133.1977459 36.2789097)']	8
['Point(135.5128652 34.4869017)']	8
['Point(134.979063 34.6693589)']	8
['Point(139.6056592 35.9519803)']	8
['Point(129.8778888 32.7503334)']	8
['Point(139.9033705 35.7876179)']	8
['Point(131.1143787 32.9387289)']	8
['Point(134.5722212 34.8331866)']	8
['Point(139.9627043 35.4071326)']	8
['Point(139.2787963 36.1859318)']	8
['Point(141.13815 39.7203557)']	8
['Point(139.7113021 35.6837071)']	8
['Point(139.6704215 35.2829123)']	8
['Point(137.2804764 34.6962171)']	8
['Point(139.7117829 35.5149206)']	8
['Point(142.2151268 27.0960623)']	8
['Point(137.0762474 34.8788017)']	8
['Point(139.6207388 35.1446882)']	8
['Point(136.9180744 35.4921453)']	8
['Point(141.2620458 38.4330154)']	8
['Point(140.298662 38.7574861)']	8
['Point(134.7906399 34.7659515)']	8
['Point(139.5801042 35.58478059999999)']	8
['Point(130.2931962 31.8321617)']	7
['Point(133.3619721 34.4859545)']	7
['Point(140.1510903 36.6598314)']	7
['Point(139.2010568 36.2389843)']	7
['Point(134.9690021 34.9942426)']	7
['Point(143.1960911 42.9239722)']	7
['Point(139.4027683 35.3336185)']	7
['Point(132.7326196 33.8884275)']	7
['Point(135.7150941 34.859282)']	7
['Point(140.4842145 35.6553864)']	7
['Point(135.21206 34.6621412)']	7
['Point(131.6081989 33.2346538)']	7
['Point(139.6097908 36.132313)']	7
['Point(139.9226579 35.70954990000001)']	7
['Point(140.1213618 35.59697240000001)']	7
['Point(136.9121266 35.0427414)']	7
['Point(139.2202278 37.9812255)']	7
['Point(135.4721574 34.5939635)']	7
['Point(133.6692741 34.5481718)']	7
['Point(133.8099335 34.4693573)']	7
['Point(140.2064792 35.7277762)']	7
['Point(140.2578558 35.531377)']	7
['Point(139.9785953 35.6880639)']	7
['Point(140.0776785 35.4879615)']	7
['Point(138.6216999 35.2220957)']	7
['Point(139.2789768 35.3899778)']	7
['Point(130.7849959 33.9208747)']	7
['Point(139.5820566 36.330908)']	7
['Point(139.815146 35.7202019)']	7
['Point(130.3056319 31.8002651)']	7
['Point(139.8002801 36.313294)']	6
['Point(137.8162936 36.7352035)']	6
['Point(130.9612121 33.8854016)']	6
['Point(133.6888858 34.628022)']	6
['Point(139.342672 36.4105658)']	6
['Point(130.7998865 33.868205)']	6
['Point(136.6113011 35.3579319)']	6
['Point(131.7646901 34.0729216)']	6
['Point(133.7976091 34.2895316)']	6
['Point(132.6274799 34.2318862)']	6
['Point(131.3849154 31.60241139999999)']	6
['Point(139.5553302 35.6664505)']	6
['Point(139.4949175 36.2914457)']	6
['Point(139.3819898 36.2229999)']	6
['Point(137.1698897 35.3022716)']	6
['Point(136.960426 35.1442526)']	6
['Point(129.9510695 32.775812)']	6
['Point(139.0911366 37.9341361)']	6
['Point(136.0915959 34.62280730000001)']	6
['Point(140.1138229 37.919914)']	6
['Point(130.850335 33.8863949)']	6
['Point(136.589007 34.837948)']	6
['Point(143.8907183 43.7987008)']	6
['Point(135.6455482 34.5729564)']	6
['Point(140.2859778 35.434099)']	6
['Point(133.3415734 35.43753900000001)']	6
['Point(139.7638423 35.93410739999999)']	6
['Point(141.396111 43.03045300000001)']	6
['Point(130.5381458 31.3640453)']	6
['Point(136.6372362 34.5272088)']	6
['Point(135.5192376 34.6818742)']	6
['Point(133.5984871 33.550147)']	6
['Point(130.2801537 33.4275987)']	6
['Point(140.9975558 37.26553970000001)']	6
['Point(135.5018183 34.530998)']	6
['Point(142.4360185 43.8107633)']	6
['Point(133.3820707 34.4399246)']	6
['Point(135.1987627 34.2610732)']	6
['Point(130.4349005 33.0344876)']	5
['Point(135.5972974 34.4998488)']	5
['Point(138.3366179 34.9856239)']	5
['Point(128.1779451 26.7456488)']	5
['Point(130.0254025 33.19687570000001)']	5
['Point(141.5414423 42.627265)']	5
['Point(131.5312689 33.3784676)']	5
['Point(139.4660197 35.752624)']	5
['Point(136.8627935 35.1696351)']	5
['Point(130.995976 31.98157)']	5
['Point(130.4674218 32.9808242)']	5
['Point(137.1533565 36.6581297)']	5
['Point(130.7597913 33.8615931)']	5
['Point(140.8963204 38.26004229999999)']	5
['Point(135.0609007 34.6287768)']	5
['Point(130.0889357 33.3001304)']	5
['Point(138.190476 36.6500571)']	5
['Point(140.7415295 35.8382409)']	5
['Point(139.4319861 35.6332618)']	5
['Point(139.7316932 36.0754341)']	5
['Point(137.2331301 36.7425277)']	5
['Point(131.1959413 33.5921353)']	5
['Point(133.9630843 34.3021092)']	5
['Point(127.8197995 26.3478034)']	5
['Point(139.7355846 35.6422585)']	5
['Point(141.1272191 38.9358415)']	5
['Point(130.2527462 33.5854231)']	5
['Point(139.4493025 35.859352)']	5
['Point(135.3091548 34.3987719)']	5
['Point(140.1671688 36.0427672)']	5
['Point(140.31192 35.962133)']	5
['Point(140.0772685 35.8623423)']	5
['Point(140.0345225 38.1106376)']	5
['Point(136.9489741 37.0500257)']	5
['Point(132.4234875 34.3919777)']	5
['Point(130.6939898 33.89368080000001)']	5
['Point(132.8538309 34.7948277)']	5
['Point(130.7589282 32.2064635)']	5
['Point(139.395017 36.163357)']	5
['Point(137.391511 34.7692439)']	5
['Point(139.5712889 35.85271520000001)']	5
['Point(140.5728139 40.2737896)']	5
['Point(135.287748 34.2434908)']	5
['Point(139.7677638 36.1765147)']	5
['Point(140.1241332 35.5356071)']	5
['Point(135.5113011 34.604784)']	5
['Point(140.3118002 35.6729414)']	5
['Point(130.4385813 33.6719413)']	5
['Point(139.1522272 35.2644846)']	5
['Point(136.6669713 35.0221396)']	5
['Point(139.7262368 35.7418787)']	5
['Point(134.6595313 34.7887543)']	5
['Point(132.9030429 34.3410529)']	5
['Point(137.1621075 35.1551647)']	5
['Point(131.8703977 34.0150314)']	5
['Point(138.9076905 35.1794563)']	5
['Point(137.0794988 35.0166319)']	5
['Point(137.7864167 34.7309131)']	5
['Point(139.9635447 35.9015724)']	5
['Point(135.6009567 34.3117943)']	5
['Point(136.8080322 35.3155185)']	5
['Point(134.6441278 34.8610095)']	5
['Point(139.7060151 35.2266534)']	5
['Point(134.86795 34.7153597)']	5
['Point(137.6879986 35.8390986)']	5
['Point(139.6198683 35.719092)']	5
['Point(138.6861088 35.1845488)']	5
['Point(135.7485527 35.00380579999999)']	5
['Point(137.8508728 34.7171835)']	5
['Point(135.1380815 34.2477906)']	5
['Point(137.9552219 36.2304235)']	5
['Point(130.7722296 32.7721724)']	4
['Point(138.4615629 36.2295551)']	4
['Point(139.6317448 35.3182278)']	4
['Point(140.1797728 35.4983318)']	4
['Point(140.2369586 36.3857574)']	4
['Point(139.7303562 36.3813923)']	4
['Point(136.8880309 35.1033076)']	4
['Point(135.4127441 34.7250871)']	4
['Point(135.7491371 35.4982926)']	4
['Point(138.8275195 36.5786787)']	4
['Point(133.763659 34.8346147)']	4
['Point(135.7040816 34.9469578)']	4
['Point(132.5095822 34.5185624)']	4
['Point(130.3755655 33.3045177)']	4
['Point(134.6285158 34.8051865)']	4
['Point(135.5430329 34.6971595)']	4
['Point(127.9876849 26.593427)']	4
['Point(130.4105582 33.6051041)']	4
['Point(138.861469 37.4703078)']	4
['Point(140.0160722 35.4222118)']	4
['Point(134.9988343 34.7215534)']	4
['Point(135.366139 34.4357717)']	4
['Point(140.284938 36.2034416)']	4
['Point(130.9805349 33.77587159999999)']	4
['Point(137.0996556 36.7002692)']	4
['Point(135.5113913 34.5570586)']	4
['Point(136.9252776 35.1095832)']	4
['Point(136.9632992 35.0140404)']	4
['Point(139.750635 35.7977241)']	4
['Point(135.790301 34.509211)']	4
['Point(139.852887 35.3218906)']	4
['Point(134.8776041 34.743471)']	4
['Point(130.6118229 32.5174703)']	4
['Point(130.5006302 33.510286)']	4
['Point(134.1197927 34.3256394)']	4
['Point(139.6623882 36.0656055)']	4
['Point(132.7508999 35.3462243)']	4
['Point(135.7693154 34.82309250000001)']	4
['Point(136.215278 34.825904)']	4
['Point(134.6827798 34.8351058)']	4
['Point(135.6849198 34.8938379)']	4
['Point(134.2361504 35.5037675)']	4
['Point(135.5672092 34.4387959)']	4
['Point(141.1405021 39.7817034)']	4
['Point(135.0730999 35.6262461)']	4
['Point(134.3650327 33.9737051)']	4
['Point(138.8939601 36.25898610000001)']	4
['Point(140.0934838 36.4673588)']	4
['Point(139.8141856 36.0477601)']	4
['Point(135.4740101 34.6407367)']	4
['Point(140.2657828 35.1799832)']	4
['Point(129.9593119 33.4542386)']	4
['Point(139.8257782 35.7697167)']	4
['Point(134.9132896 34.7485875)']	4
['Point(139.9409774 36.5674799)']	4
['Point(139.5957727 35.6519663)']	4
['Point(129.7157996 33.1804356)']	4
['Point(139.4168038 35.403358)']	4
['Point(135.768125 35.0116574)']	4
['Point(136.7803512 35.2482443)']	4
['Point(133.9352329 34.6067072)']	4
['Point(135.0612393 34.6373543)']	4
['Point(136.9582211 35.2354414)']	4
['Point(131.3962263 34.4086489)']	4
['Point(140.0499266 39.3839601)']	4
['Point(131.5187752 32.1296366)']	4
['Point(140.1205528 35.6348139)']	4
['Point(138.5217943 35.0009337)']	4
['Point(139.3223763 35.5286217)']	4
['Point(140.3798435 35.348911)']	4
['Point(139.7905143 35.839652)']	4
['Point(139.7292786 35.5209026)']	4
['Point(138.1871296 36.5975303)']	4
['Point(136.6061372 36.5526505)']	4
['Point(138.7157909 35.17063479999999)']	4
['Point(139.5706101 35.3867642)']	4
['Point(132.9051352 32.98001720000001)']	4
['Point(130.601994 32.507843)']	4
['Point(141.4156654 43.0691627)']	4
['Point(140.2773842 38.3907689)']	4
['Point(139.5152296 35.539608)']	4
['Point(135.1803157 34.1855097)']	4
['Point(139.7019868 35.9506516)']	4
['Point(131.8512675 34.6778687)']	3
['Point(130.4989564 33.373168)']	3
['Point(138.3802631 34.9701157)']	3
['Point(139.613017 35.6660458)']	3
['Point(136.9072677 35.1969562)']	3
['Point(136.0929559 33.8919062)']	3
['Point(139.7054233 35.7609043)']	3
['Point(139.4078149 35.521846)']	3
['Point(139.6791349 35.6232078)']	3
['Point(134.5889833 34.7891826)']	3
['Point(138.9452334 34.6795476)']	3
['Point(131.4262338 34.1481911)']	3
['Point(140.368981 35.5552469)']	3
['Point(135.8083818 34.7959545)']	3
['Point(135.4092159 34.8133456)']	3
['Point(139.4106122 36.0530326)']	3
['Point(135.1699209 34.6569687)']	3
['Point(133.7536465 34.2725045)']	3
['Point(141.3445286 43.0409769)']	3
['Point(134.8237373 35.539756)']	3
['Point(140.0036082 35.4496582)']	3
['Point(139.3967361 35.8313321)']	3
['Point(137.5064734 34.91175339999999)']	3
['Point(136.8419735 35.1061208)']	3
['Point(135.561448 34.7160209)']	3
['Point(135.2161589 34.848449)']	3
['Point(134.8201981 35.544535)']	3
['Point(134.8883981 34.6986724)']	3
['Point(139.8270664 38.7393017)']	3
['Point(134.6139682 34.1725821)']	3
['Point(139.5521867 35.7820779)']	3
['Point(141.1453408 39.6637187)']	3
['Point(141.3532777 43.06225480000001).1']	3
['Point(132.0706429 34.8978256)']	3
['Point(139.8502469 39.8900409)']	3
['Point(139.0432674 36.64710669999999)']	3
['Point(135.7890943 34.85319339999999)']	3
['Point(134.842399 34.7573094)']	3
['Point(131.2503009 33.955584)']	3
['Point(140.8680692 38.1114753)']	3
['Point(131.1802202 33.9743641)']	3
['Point(135.7362941 34.889103)']	3
['Point(139.4097976 35.8056126)']	3
['Point(134.0086808 35.07108789999999)']	3
['Point(141.3483898 43.0843826)']	3
['Point(139.614909 35.7937349)']	3
['Point(139.3996248 35.93095539999999)']	3
['Point(140.3406186 38.2702593)']	3
['Point(129.8604545 32.7561519)']	3
['Point(140.1395164 35.7957276)']	3
['Point(136.0392195 35.4085099)']	3
['Point(132.4696959 34.3809669)']	3
['Point(139.7314741 35.8535759)']	3
['Point(139.4975649 35.5914051)']	3
['Point(136.8127001 35.1404408)']	3
['Point(139.477549 35.6689308)']	3
['Point(135.4592882 34.4462013)']	3
['Point(135.6150306 34.8372014)']	3
['Point(140.8892424 38.2189391)']	3
['Point(130.3597423 33.5840497)']	3
['Point(133.7758944 34.6007931)']	3
['Point(140.0136724 36.4403673)']	3
['Point(137.7915988 34.7918944)']	3
['Point(130.3518793 32.088342)']	3
['Point(139.7537719 35.6940309)']	3
['Point(140.3160787 38.2119309)']	3
['Point(136.9137329 35.076772)']	3
['Point(137.0866005 35.2222888)']	3
['Point(139.2565095 35.5864859)']	3
['Point(135.9521406 35.015314)']	3
['Point(130.8084429 32.6529167)']	3
['Point(139.664222 35.7653547)']	3
['Point(136.4801737 34.7448059)']	3
['Point(136.6008578 36.5464656)']	3
['Point(140.8255983 35.7286623)']	3
['Point(139.9012134 35.6552406)']	3
['Point(139.8816085 35.0184814)']	3
['Point(131.8107246 34.0561592)']	3
['Point(139.521002 35.7797407)']	3
['Point(133.8443247 35.43944500000001)']	3
['Point(138.2712184 34.8764267)']	3
['Point(137.6689744 34.7270705)']	3
['Point(140.5167529 36.1595964)']	3
['Point(135.516357 34.8128173)']	3
['Point(139.3817322 36.2909131)']	2
['Point(130.8129958 32.9789312)']	2
['Point(132.2165637 34.1698473)']	2
['Point(132.7622654 33.82088)']	2
['Point(139.5317782 36.2499123)']	2
['Point(130.5076265 32.3449429)']	2
['Point(130.9395423 33.8302551)']	2
['Point(136.4525238 34.8413247)']	2
['Point(140.8389242 38.2964508)']	2
['Point(139.7276703 35.9545853)']	2
['Point(139.707651 35.7538045)']	2
['Point(139.4869977 35.9278059)']	2
['Point(133.786488 34.228752)']	2
['Point(139.0159176 37.7645821)']	2
['Point(136.1840498 35.9701608)']	2
['Point(135.4104432 34.7935224)']	2
['Point(140.3622751 38.2693603)']	2
['Point(135.6231519 34.7924294)']	2
['Point(133.3624239 34.4859845)']	2
['Point(140.002113 35.8406241)']	2
['Point(133.7985432 34.0281195)']	2
['Point(135.6970648 34.97272299999999)']	2
['Point(138.173771 36.6356949)']	2
['Point(138.9338621 35.6081699)']	2
['Point(140.6501965 36.6012537)']	2
['Point(135.6284685 34.7119851)']	2
['Point(136.923761 35.0850386)']	2
['Point(140.9109735 38.2672734)']	2
['Point(135.7329103 34.9386385)']	2
['Point(139.5216362 36.05981939999999)']	2
['Point(139.7456856 35.9723261)']	2
['Point(136.5408246 34.5619693)']	2
['Point(133.7489712 34.6705868)']	2
['Point(136.8839871 35.2045697)']	2
['Point(140.8931114 36.9633773)']	2
['Point(141.5709194 38.902746)']	2
['Point(134.4870301 34.8197588)']	2
['Point(132.2133117 34.1454996)']	2
['Point(131.5941239 33.2370792)']	2
['Point(140.0978705 35.6534982)']	2
['Point(130.4010097 33.5909924)']	2
['Point(135.763971 34.745738)']	2
['Point(130.737949 33.8252769)']	2
['Point(139.5958234 35.9131412)']	2
['Point(138.4232742 38.2340537)']	2
['Point(135.5639847 34.5294692)']	2
['Point(131.580992 32.97569)']	2
['Point(133.6106447 34.791041)']	2
['Point(139.9023381 35.3316012)']	2
['Point(130.3165995 33.5738695)']	2
['Point(139.3267764 35.7386543)']	2
['Point(140.0415732 35.7294164)']	2
['Point(139.9035901 35.8570293)']	2
['Point(131.6791021 32.575523)']	2
['Point(140.6956611 41.83442470000001)']	2
['Point(139.4321945 35.6821067)']	2
['Point(131.305506 32.7057957)']	2
['Point(139.5385007 35.7110151)']	2
['Point(139.7346645 35.7194287)']	2
['Point(139.3731743 35.5714754)']	2
['Point(141.2081563 38.691779)']	2
['Point(131.8765037 33.2470397)']	2
['Point(136.603013 36.598011)']	2
['Point(140.8914668 38.1708702)']	2
['Point(139.7357443 35.7666518)']	2
['Point(134.7049696 34.78538020000001)']	2
['Point(131.2178404 33.9941497)']	2
['Point(139.793248 35.7292203)']	2
['Point(136.8204406 34.3290349)']	2
['Point(131.1305023 33.6123245)']	2
['Point(139.2752717 35.7906682)']	2
['Point(135.2424489 35.3024841)']	2
['Point(139.6114949 35.4653692)']	2
['Point(136.4613455 36.4081689)']	2
['Point(139.745005 36.5669749)']	2
['Point(139.3254848 35.9619793)']	2
['Point(139.5597075 36.0854272)']	2
['Point(136.9371018 35.069614)']	2
['Point(139.8356927 35.6967785)']	2
['Point(136.68265 35.5774358)']	2
['Point(139.7113021 35.6837071).1']	2
['Point(139.426854 35.91932389999999)']	2
['Point(138.0174331 34.7810373)']	2
['Point(135.0986062 34.6935289)']	2
['Point(129.7798616 33.1447725)']	2
['Point(139.8841693 35.8422674)']	2
['Point(136.4892712 34.6776106)']	2
['Point(136.2048768 35.1058559)']	2
['Point(134.4951111 33.8573215)']	2
['Point(136.6488859 36.5278205)']	2
['Point(134.5433514 34.8577824)']	2
['Point(139.9253573 35.3858445)']	2
['Point(135.2659601 34.6882591)']	2
['Point(132.9005304 35.3088037)']	2
['Point(139.1157538 35.3107433)']	2
['Point(139.4758402 36.1391874)']	2
['Point(139.5216362 35.7514113)']	2
['Point(135.7783702 34.5628646)']	2
['Point(138.5969257 35.1180803)']	2
['Point(139.5529825 35.7247401)']	2
['Point(138.4953278 35.6050435)']	2
['Point(131.1300697 32.1919477)']	2
['Point(139.3678037 35.4666052)']	2
['Point(136.9570098 37.2953024)']	2
['Point(139.5150547 35.6024229)']	2
['Point(135.5974452 34.574123)']	2
['Point(133.274771 33.3876741)']	2
['Point(135.960524 35.0122876)']	2
['Point(137.0520777 35.178353)']	2
['Point(135.0828637 35.1294529)']	2
['Point(139.2239719 35.374649)']	2
['Point(135.4371696 34.7043934)']	2
['Point(139.6425316 35.8209206)']	2
['Point(141.8454254 39.2658381)']	2
['Point(136.7091012 34.5015958)']	2
['Point(139.954414 35.7503315)']	2
['Point(131.4108541 31.9325923)']	2
['Point(135.4941717 34.9189488)']	1
['Point(139.4492865 35.3402423)']	1
['Point(139.560947 35.6924964)']	1
['Point(135.5379828 34.6367992)']	1
['Point(139.6985104 35.6641008)']	1
['Point(137.7279959 34.70546830000001)']	1
['Point(139.6903398 35.6525728)']	1
['Point(135.410514 34.5043449)']	1
['Point(136.0258748 34.7653928)']	1
['Point(135.737043 34.46037)']	1
['Point(135.3543201 34.7132147)']	1
['Point(140.8818405 38.2508938)']	1
['Point(139.4009589 35.9714792)']	1
['Point(137.2908714 34.9192891)']	1
['Point(139.5221929 36.06596)']	1
['Point(130.7405664 32.7822415)']	1
['Point(139.2915319 36.1976558)']	1
['Point(135.8116237 34.9883662)']	1
['Point(140.3208523 35.7781301)']	1
['Point(139.4529557 35.5357835)']	1
['Point(136.9886334 34.9241337)']	1
['Point(135.3833504 33.7321135)']	1
['Point(135.8077096 34.9461056)']	1
['Point(139.7514887 35.6007707)']	1
['Point(135.6399158 34.65578)']	1
['Point(133.0741158 34.3965538)']	1
['Point(135.126034 35.295753)']	1
['Point(139.7793661 35.6564166)']	1
['Point(140.8857179 37.0584359)']	1
['Point(140.7302196 41.7958914)']	1
['Point(135.7975476 34.8877494)']	1
['Point(140.8860157 38.3365894)']	1
['Point(135.759996 35.033474)']	1
['Point(135.4475336 34.8249793)']	1
['Point(137.0564571 36.79397540000001)']	1
['Point(139.0363548 37.9162257)']	1
['Point(139.719059 35.6204066)']	1
['Point(133.863916 34.65261479999999)']	1
['Point(141.3741522 43.1037853)']	1
['Point(139.8773135 35.6821907)']	1
['Point(133.2545686 35.4317631)']	1
['Point(136.8331928 34.8806346)']	1
['Point(134.935277 34.8481763)']	1
['Point(139.3837609 35.3726054)']	1
['Point(130.3812873 33.5573435)']	1
['Point(140.030958 35.6853688)']	1
['Point(136.902328 35.2110807)']	1
['Point(132.4680505 34.3786302)']	1
['Point(129.8495919 32.7055577)']	1
['Point(139.4834704 35.5870987)']	1
['Point(131.6569154 32.5792155)']	1
['Point(134.7409633 34.8188168)']	1
['Point(135.3921665 34.466049)']	1
['Point(137.2074429 35.8841895)']	1
['Point(138.8684775 37.0576786)']	1
['Point(135.228714 34.3393855)']	1
['Point(136.7784319 36.8926336)']	1
['Point(139.336038 35.7749305)']	1
['Point(137.1083519 34.6226339)']	1
['Point(139.7340411 35.5319906)']	1
['Point(137.3769853 34.8265109)']	1
['Point(135.1509124 34.6655765)']	1
['Point(136.9024063 35.1319576)']	1
['Point(131.4261165 33.1795362)']	1
['Point(136.9087054 36.5981836)']	1
['Point(131.7326109 33.5575004)']	1
['Point(132.5704637 33.2277019)']	1
['Point(141.0187123 38.7385708)']	1
['Point(136.7027971 35.3197801)']	1
['Point(135.7428978 34.700443)']	1
['Point(135.1992499 35.5320785)']	1
['Point(136.8803126 35.1375442)']	1
['Point(133.9478511 34.4899774)']	1
['Point(136.6758186 36.5950351)']	1
['Point(136.8791195 35.4104376)']	1
['Point(135.3075362 34.8263597)']	1
['Point(139.6144841 35.6080779)']	1
['Point(136.9748319 35.1225652)']	1
['Point(139.926216 37.493881)']	1
['Point(136.2472179 35.9191911)']	1
['Point(138.9341083 35.3088081)']	1
['Point(139.6624281 35.4151966)']	1
['Point(138.2179159 36.6673422)']	1
['Point(135.6172956 34.8458838)']	1
['Point(134.5990156 33.7771311)']	1
['Point(130.4327237 32.5163813)']	1
['Point(141.2890968 43.0877638)']	1
['Point(139.7813093 37.20122480000001)']	1
['Point(139.4849011 35.3473974)']	1
['Point(135.4024175 34.2729068)']	1
['Point(133.2348626 35.513531)']	1
['Point(139.8490822 38.9133111)']	1
['Point(138.4066959 34.9960412)']	1
['Point(130.4630905 33.7163949)']	1
['Point(139.7396494 35.5575322)']	1
['Point(135.9092309 35.5489531)']	1
['Point(135.4520136 34.5131898)']	1
['Point(140.2209421 37.1216944)']	1
['Point(137.9577936 35.8401194)']	1
['Point(137.8531416 37.0416892)']	1
['Point(135.5611696 35.014319)']	1
['Point(139.5703631 35.9769418)']	1
['Point(139.5209463 35.3488347)']	1
['Point(140.2465786 35.8460503)']	1
['Point(139.4926183 35.9065533)']	1
['Point(135.4726219 34.6729017)']	1
['Point(139.4579964 35.4875298)']	1
['Point(138.1760238 34.8363491)']	1
['Point(139.4918806 35.3388323)']	1
['Point(139.616884 35.778059)']	1
['Point(132.4716534 34.4518447)']	1
['Point(136.770863 35.3440604)']	1
['Point(134.3583299 34.067513)']	1
['Point(132.9062257 33.6593556)']	1
['Point(138.1436485 36.5800196)']	1
['Point(132.535839 34.4459346)']	1
['Point(132.221021 35.0112753)']	1
['Point(135.8429944 34.5218927)']	1
['Point(140.0821774 35.716628)']	1
['Point(139.703742 35.7167454)']	1
['Point(135.5135548 34.7087221)']	1
['Point(135.3033924 34.7459675)']	1
['Point(139.6619497 35.6727047)']	1
['Point(141.0220539 38.3143308)']	1
['Point(140.8869295 38.4471773)']	1
['Point(139.3908038 35.446427)']	1
['Point(140.9745424 38.5665918)']	1
['Point(130.4285519 33.6066763)']	1
['Point(136.6217499 34.9466537)']	1
['Point(139.8045157 35.77453510000001)']	1
['Point(139.4867465 35.45744730000001)']	1
['Point(131.8052297 33.1261432)']	1
['Point(139.5562603 35.7129334)']	1
['Point(136.7497289 35.3082578)']	1
['Point(138.2711028 37.1622865)']	1
['Point(139.6410647 35.7191824)']	1
['Point(139.5490558 35.8567086)']	1
['Point(132.4584929 34.3952852)']	1
['Point(131.4830418 33.2896192)']	1
['Point(140.6193414 37.9973807)']	1
['Point(137.2221731 34.829088)']	1
['Point(137.2031287 36.6943114)']	1
['Point(139.421767 35.552819)']	1
['Point(132.7002782 33.810515)']	1
['Point(138.52772 35.0605373)']	1
['Point(134.4680807 34.8036472)']	1
['Point(139.6821513 35.6194814)']	1
['Point(136.8998058 35.1601378)']	1
['Point(137.1418898 34.9626945)']	1
['Point(135.7614388 34.9353648)']	1
['Point(139.7891857 35.7331499)']	1
['Point(137.0361451 35.2130968)']	1
['Point(140.7468006 41.8188869)']	1
['Point(131.1841879 34.3696188)']	1
['Point(135.473196 34.7381854)']	1
['Point(140.7341438 40.8140302)']	1
['Point(139.7036123 35.5319907)']	1
['Point(134.0347077 34.2334691)']	1
['Point(139.7122397 35.5298425)']	1
['Point(136.4879846 35.9916181)']	1
['Point(131.2057107 34.1666215)']	1
['Point(135.602002 34.625589)']	1
['Point(139.8659565 35.9476145)']	1
['Point(135.7464222 34.9766563)']	1
['Point(137.9976964 34.769027)']	1
['Point(136.1644041 34.964518)']	1
['Point(139.5362099 35.553844)']	1
['Point(140.1708865 35.6678777)']	1
['Point(138.3339796 34.9395167)']	1
['Point(137.3442542 34.7170795)']	1
['Point(139.6330203 35.518987)']	1
['Point(139.614022 35.598802)']	1
['Point(136.5633768 36.51968069999999)']	1
['Point(130.4334872 33.5533525)']	1
['Point(135.3618255 34.7859124)']	1
['Point(138.2822794 36.7119053)']	1
['Point(139.610123 35.4343409)']	1
['Point(133.4620724 34.9724028)']	1
